CurrentTier,DistanceToArena,FinancialScore,Gender,MaritalStatus,PresenceOfChildren,FoodPurchaseCost,AmountOfFood,MerchPurchaseCost,AmountOfMerch,TotalTicketCost,AmountOfTicketsUsed,AmountOfTicketsBought,numTrans,totalSpending,UsageRatio,YearsOfAction
1,56.18203592814371,651.0838222967309,0.8347145488029466,2.2906976744186047,0.5921182266009852,273.63971183800624,36.65809968847352,226.75095087163234,3.7194928684627575,25569.87864232978,165.85479901558654,186.1447908121411,7.154884829229547,196.35950754567116,0.8884291343376548,4.335186656076251
3,56.24943438914027,597.5713395638629,0.649749373433584,2.3091133004926108,0.6398334489937544,141.63971231300346,19.705408515535098,116.74205073995772,2.4207188160676534,2539.7421172022687,25.515122873345934,28.395085066162572,3.4628283957518167,99.66679709334824,0.9248207775806381,1.995528228060369
4,45.666666666666664,524.1975308641976,0.6271929824561403,2.3959183673469386,0.6130653266331658,107.89439999999999,17.728,125.21050632911391,3.240506329113924,1010.7697619047619,11.541666666666666,12.857142857142858,3.2620689655172415,80.61527586206897,0.9398618971747409,1.9620689655172414
5,138.439587721938,557.235594456601,0.5822392225783107,2.2883334774712445,0.6824071099689474,72.02854670247687,10.311250373022979,94.82447037701975,2.0604428485936563,649.1021121571838,9.246418338108883,10.123618501841998,0.8899261969343342,25.2204220021447,0.9420662563693334,0.6044281839399482
6,131.58623646457428,566.4079415118384,0.6178707903289168,2.278127335406572,0.6645252888751441,59.31365098055138,7.956433472735394,93.44679254783485,1.9178247734138973,714.9679514385492,7.9365873939797105,8.944287377349077,0.774817965197414,22.677336168677673,0.9227351129847972,0.9943324757682486
